{
    "$schema": "https://schema.management.azure.com/schemas/2019-04-01/deploymentParameters.json#",
    "contentVersion": "1.0.0.0",
    "parameters": {
        "virtualNetworkName": {
            "value": "primary-vnet"
        },
        "subnetName": {
            "value": "dbsubnet"
        },
        "adminUsername": {
            "value": "master"
        },
        "adminPassword": {
            "value": "Lab@password"
        },
        "numberOfInstances": {
            "value": 1
        },
        "OS": {
            "value": "Linux"
        },
        "vmSizes": {
            "value": "Standard_D2as_v5"
        },
        "osDiskType": {
            "value": "Premium_LRS"
        },
        "publisher": {
            "value": "Canonical"
        },
        "offer": {
            "value": "UbuntuServer"
        },
        "sku": {
            "value": "18.04-LTS"
        },
        "version": {
            "value": "18.04.202203020"
        },
        "fileUris": {
            "value": [
                "https://raw.githubusercontent.com/ahmadzahoory/az305/master/az-305-07-01-script-db.sh"
            ]
        },
        "commandToExecute": {
            "value": "sh az-305-07-01-script-db.sh"
        }
    }
}