{
    "$schema": "https://schema.management.azure.com/schemas/2019-04-01/deploymentTemplate.json#",
    "contentVersion": "1.0.0.0",
    "parameters": {
        "virtualNetworkName": {
            "type": "string",
            "metadata": {
                "description": "Name of the virtual network"
            }
        },
        "subnetName": {
            "type": "string",
            "metadata": {
                "description": "Name of the subnet"
            }
        },
        "adminUsername": {
            "type": "string",
            "metadata": {
                "description": "Admin username for VM"
            }
        },
        "adminPassword": {
            "type": "securestring",
            "metadata": {
                "description": "Admin password for VMs"
            }
        },
        "numberOfInstances": {
            "type": "int",
            "defaultValue": 1,
            "minValue": 1,
            "maxValue": 5,
            "metadata": {
                "description": "Number of VMs to deploy, limit 5 since this sample is using a single storage account"
            }
        },
        "OS": {
            "type": "string",
            "defaultValue": "Linux",
            "allowedValues": [
                "Linux",
                "Windows"
            ],
            "metadata": {
                "description": "OS Platform for the VM"
            }
        },
        "location": {
            "type": "string",
            "defaultValue": "[resourceGroup().location]",
            "metadata": {
                "description": "Location for all resources."
            }
        },
        "vmSizes": {
            "type": "string",
            "defaultValue": "Standard_D2s_v3",
            "metadata": {
                "description": "The type of replication to use for the VM size."
            }
        },
        "osDiskType": {
            "type": "string",
            "defaultValue": "Premium_LRS"
        },
		"nsgName": {
			"type": "string",
			"defaultValue": "webnsg",
			"metadata": {
				"description": "Network security group name"
			}
		},
        "fileUris": {
            "type": "array"
        },
        "commandToExecute": {
            "type": "string"
        },
        "publisher": {
            "type": "string"
        },
        "offer": {
            "type": "string"
        },
        "sku": {
            "type": "string"
        },
        "version": {
            "type": "string"
        }
    },
    "variables": {
        "subnetRef": "[resourceId('Microsoft.Network/virtualNetworks/subnets',parameters('virtualNetworkName'),parameters('subnetName'))]",
		"nsgName": "webnsg",
        "Linux": {
            "publisher": "[parameters('publisher')]",
            "offer": "[parameters('offer')]",
            "sku": "[parameters('sku')]",
            "version": "[parameters('version')]"
        },
        "Windows": {
            "publisher": "[parameters('publisher')]",
            "offer": "[parameters('offer')]",
            "sku": "[parameters('sku')]",
            "version": "[parameters('version')]"
        },
        "imageReference": "[variables(parameters('OS'))]"
    },
    "resources": [
        {
            "name": "[concat('publicip1', copyindex(),guid(parameters('OS')))]",
            "type": "Microsoft.Network/publicIpAddresses",
            "apiVersion": "2019-02-01",
            "location": "[parameters('location')]",
            "copy": {
                "name": "publicIpLoop",
                "count": "[parameters('numberOfInstances')]"
            },
            "properties": {
                "publicIpAllocationMethod": "Dynamic"
            }
        },
		{
        "type": "Microsoft.Network/networkSecurityGroups",
        "name": "[parameters('nsgName')]",
        "apiVersion": "2018-12-01",
        "location": "[resourceGroup().location]",
        "properties": {
          "securityRules": [
            {
              "name": "default-allow-http",
              "properties": {
                "priority": 1000,
                "sourceAddressPrefix": "*",
                "protocol": "Tcp",
                "destinationPortRange": "80",
                "access": "Allow",
                "direction": "Inbound",
                "sourcePortRange": "*",
                "destinationAddressPrefix": "*"
              }
            }
          ]
        }
      },       
	   {
            "type": "Microsoft.Network/networkInterfaces",
            "name": "[concat('nic1', copyindex(),guid(parameters('OS')))]",
            "apiVersion": "2020-11-01",
            "location": "[parameters('location')]",
            "dependsOn": [
                "[resourceId('Microsoft.Network/networkSecurityGroups/',parameters('nsgName'))]",
				"publicIpLoop"
            ],
            "copy": {
                "name": "nicLoop",
                "count": "[parameters('numberOfInstances')]"
            },
            "properties": {
                "ipConfigurations": [
                    {
                        "name": "ipconfig",
                        "properties": {
                            "privateIPAllocationMethod": "Dynamic",
                            "publicIPAddress": {
                                "id": "[resourceId('Microsoft.Network/publicIPAddresses', concat('publicip1', copyindex(),guid(parameters('OS'))))]"
                            },
                            "subnet": {
                                "id": "[variables('subnetRef')]"
                            }
                        }
                    }
                ],
				  "networkSecurityGroup": {
                    "id": "[resourceId('Microsoft.Network/networkSecurityGroups', variables('nsgName'))]"
                }
            }
        },
        {
            "type": "Microsoft.Compute/virtualMachines",
            "name": "websrv",
            "apiVersion": "2021-07-01",
            "location": "[parameters('location')]",
            "copy": {
                "name": "virtualMachineLoop",
                "count": "[parameters('numberOfInstances')]"
            },
            "dependsOn": [
                "nicLoop"
            ],
            "properties": {
                "hardwareProfile": {
                    "vmSize": "[parameters('vmSizes')]"
                },
                "osProfile": {
                    "computerName": "[concat('websrv', copyIndex())]",
                    "adminUsername": "[parameters('adminUsername')]",
                    "adminPassword": "[parameters('adminPassword')]"
                },
                "storageProfile": {
                    "imageReference": "[variables('imageReference')]",
                    "osDisk": {
                        "createOption": "fromImage"
                    }
                },
                "networkProfile": {
                    "networkInterfaces": [
                        {
                            "id": "[resourceId('Microsoft.Network/networkInterfaces',concat('nic1', copyindex(),guid(parameters('OS'))))]"
                        }
                    ]
                }
            },
            "resources": [
                {
                    "type": "Microsoft.Compute/virtualMachines/extensions",
                    "name": "[concat('websrv','/customscript')]",
                    "apiVersion": "2015-06-15",
                    "location": "[parameters('location')]",
                    "dependsOn": [
                        "[resourceId('Microsoft.Compute/virtualMachines','websrv')]"
                    ],
                    "properties": {
                        "publisher": "[if(equals(parameters('OS'),'Linux'),'Microsoft.Azure.Extensions','Microsoft.Compute')]",
                        "type": "[if(equals(parameters('OS'),'Linux'),'CustomScript','CustomScriptExtension')]",
                        "typeHandlerVersion": "[if(equals(parameters('OS'),'Linux'),'2.0','1.9')]",
                        "autoUpgradeMinorVersion": true,
                        "settings": {
                        },
                        "protectedSettings": {
                            "fileUris": "[parameters('fileUris')]",
                            "commandToExecute": "[parameters('commandToExecute')]"
                        }
                    }
                }
            ]
        }
    ]
}