{
  "$schema": "https://schema.management.azure.com/schemas/2019-04-01/deploymentTemplate.json#",
  "contentVersion": "1.0.0.0",
  "parameters": {
    "vnetName": {
      "type": "string",
      "defaultValue": "nodejs-vnet",
      "metadata": {
        "description": "VNet name"
      }
    },
    "vnetAddressPrefix": {
      "type": "string",
      "defaultValue": "172.16.0.0/24",
      "metadata": {
        "description": "Address prefix"
      }
    },
    "subnets": {
      "type": "array",
      "defaultValue": [
        {
          "name": "websubnet",
          "addressPrefix": "172.16.0.0/24"
        }
      ]
    },
    "location": {
      "type": "string",
      "defaultValue": "[resourceGroup().location]",
      "metadata": {
        "description": "Location for all resources."
      }
    }
  },
  "resources": [
    {
      "apiVersion": "2020-07-01",
      "type": "Microsoft.Network/virtualNetworks",
      "name": "[parameters('vnetName')]",
      "location": "[parameters('location')]",
      "properties": {
        "addressSpace": {
          "addressPrefixes": [
            "[parameters('vnetAddressPrefix')]"
          ]
        },
        "copy": [
          {
            "name": "subnets",
            "count": "[length(parameters('subnets'))]",
            "input": {
              "name": "[parameters('subnets')[copyIndex('subnets')].name]",
              "properties": {
                "addressPrefix": "[parameters('subnets')[copyIndex('subnets')].addressPrefix]"
              }
            }
          }
        ]
      }
    }
  ]
}