{
  "$schema": "https://schema.management.azure.com/schemas/2019-04-01/deploymentParameters.json#",
  "contentVersion": "1.0.0.0",
  "parameters": {
    "location": {
      "value": "[resourceGroup().location]"
    },
    "virtualNetworkName": {
      "value": "onp-vnet"
    },
    "virtualNetworkAddressPrefix": {
      "value": "10.0.0.0/20"
    },
    "NATSubnetName": {
      "value": "nat"
    },
    "NATSubnetPrefix": {
      "value": "10.0.0.0/24"
    },
    "hyperVSubnetName": {
      "value": "hyperv-lan"
    },
    "hyperVSubnetPrefix": {
      "value": "10.0.1.0/24"
    },
    "ghostedSubnetName": {
      "value": "ghosted"
    },
    "ghostedSubnetPrefix": {
      "value": "10.0.2.0/24"
    },
    "azureVMsSubnetName": {
      "value": "azure-vms"
    },
    "azureVMsSubnetPrefix": {
      "value": "10.0.3.0/24"
    },
    "HostNetworkInterface1Name": {
      "value": "hypervhost-nic1"
    },
    "HostNetworkInterface2Name": {
      "value": "hypervhost-nic2"
    },
    "HostVirtualMachineName": {
      "value": "hypervhost01"
    },
    "HostVirtualMachineSize": {
      "value": "Standard_D4s_v3"
    },
    "HostAdminUsername": {
      "value": "master"
    },
    "HostAdminPassword": {
      "value": "Lab@password"
    }
  }
}